,name,price,desc
0,Toyota Land Cruiser 4.6 V8 AX 2018 White,"KSh 9,000,000","Available now
Call or text for more information"
1,Toyota Hilux SR5+ 4x4 2017 Black,"KSh 4,999,990","house of pickups 
*2017 toyota hilux invincible x* | *new shape* | black in color | 2400cc 2gd..."
2,Toyota Land Cruiser 2004 Teal,"KSh 3,150,000","Toyota Land Cruiser VX
2004 Model
Diesel engine
Original paint
With new tyres
With sunroof
7 leather..."
3,Toyota Allion 2006 Silver,"KSh 565,000",This unit is in a buy and drive condition well maintained with original parts and clean interior on...
4,Toyota Land Cruiser 2010 Black,"KSh 4,550,000"," *2010 TOYOTA LANDCRUISER V8 ZX 200 Series* /Sunroof/
_Specs_
4600CC Petrol v8 :: 8 premium leather..."
5,Toyota Corolla Fielder 2008 Blue,"KSh 790,000","Selling this neat Fielder
Rating 1500cc
Yom 2008
Price 840K
Viewing at Kasarani"
6,Toyota bB 2011 Black,"KSh 569,000","Toyota bb kck || yom 2011 || 1300ccautomatic 2wd || accident free & clean  || buy & drive home
..."
7,Toyota Crown 2018 White,"KSh 3,200,000","Comes with a TRD version,fully sport edition,with leather seats,electric seats and sunroof,hire..."
8,Toyota Hilux 2017 White,"KSh 2,450,000",Toyota hilux revo pickup diff lock highlider manual gear year 2017 diesel engine speed very clean...
9,Toyota Probox 2017 White,"KSh 1,275,000","Air Conditioning, Power Steering"
10,Toyota Hilux 2016 Silver,"KSh 6,500,000","Toyota Hilux 
2016 
Diesel"
11,Toyota Land Cruiser 100 4.2 TD Executive 2005 Brown,"KSh 3,400,000","TOYOTA LAND CRUISER
 *100 series* 
Automatic transmission
 _Zigzag gear_ 
 *4200cc diesel*..."
12,Toyota Noah 1.8 FWD Hybrid (7 seater) 2016 Silver,"KSh 2,400,000","Noah in good condition, Terms of payment bank finance, trade inn and hire purchase accepted."
13,Toyota Noah 2006 Silver,"KSh 620,000",Toyota Noah on sale. In good condition buy and drive. Very neat and smart interior excellent...
14,Toyota Hilux 2020 White,"KSh 5,300,000",A very nice and clean fully loaded Toyota hilux double cabbin white colour new model.
15,Toyota Vellfire 2017 Black,"KSh 4,150,000","Sunroof,we do trade in too."
16,Toyota Land Cruiser Prado 2.8 D-4D 2016 Matt Black,"KSh 5,999,999","Features ; 
- 2800cc 1GDFTV diesel engine
- 6 speed automatic transmission
- Five Fabric seats
- 4WD..."
17,Toyota Harrier 2.0 4WD 2014 Blue,"KSh 2,850,000","Toyota Harrier 
2014 Model || 2000cc || Automatic Transmission ||Key Start || Fabric Seats || Power..."
18,Toyota Vitz 2017 Blue,"KSh 1,650,000","Rear Wiper, CD Player, Central Locking, Air Conditioning, Power Steering, Power Windows, ABS, Air..."
19,Toyota Land Cruiser Prado 2.8 2017 White,"KSh 8,200,000","Toyota landcruiser prado 2017 
Manual transmission 
2800cc
Back tyre"
20,Toyota Harrier 2017 White,"KSh 3,600,000","Harrier with sunroof with new number kds 
very clean car
hp available with 50% instalments"
21,Toyota Land Cruiser 2018 Black,"KSh 8,499,999","Extremely low mileage
New shape
Super clean, with sunroof,
LC Prado tx VXL 2800 Diesel 
Fully..."
22,Toyota Land Cruiser 2013 Black,"KSh 4,400,000","2013
Petrol 
4600cc
Locally used 
Cash 4.4
Deposit 2.5 balance 1 yr"
23,Toyota Vanguard 2013 Black,"KSh 1,960,000","*TOYOTA VANGUARD*
Man Year 2013//2400cc//Petrol Engine//4WD//7Seater//Eco-mode//7speed Automatic..."
24,Toyota RAV4 2017 Brown,"KSh 3,599,999","2017 toyota rav4 sunroof | leather seats | 2.0l
 a/c / airbag / alloy wheels / power steering /..."
25,Toyota Hilux 2017 White,"KSh 3,200,000","Hilux single cab 
2017
Diesel 
2.4l
Manual"
26,Toyota Axio 2016 White,"KSh 1,800,000","Central Locking, Air Conditioning, Power Steering, Power Windows, ABS, Air Bags, Electric Mirrors,..."
27,Toyota RAV4 2017 Gray,"KSh 3,750,000","TOYOTA RAV4 
2017 model 
2000cc
2wd"
28,Toyota Coaster 2016 White,"KSh 7,000,000","Central Locking, Air Conditioning, Power Steering, Power Windows, ABS, Air Bags, Electric Mirrors,..."
29,Toyota Land Cruiser Prado 2022 Black,"KSh 17,500,000",New shape with sunroof and black alloy rims
30,Toyota Hilux 2021 Silver,"KSh 6,200,000","New tyres ,2800cc diesel, low mileage etc"
31,Toyota Rush 2015 White,"KSh 1,950,000","Toyota rush
optional 4 wheel drive
fog lights
spare tire
alloy rims
pearl white 
Dvd player
traction..."
32,Toyota Premio 2007 Burgundy,"KSh 990,000","Toyota Premio
Year 2007
1800cc
Well maintained"
33,Toyota Axio 2011 Off white,"KSh 765,000",Axio kcv 2012 1500cc new tyres 130k km 765k/trade in accepted
34,Toyota Harrier 2017 White,"KSh 3,800,000","2000 cc, 4.8 grade, very clean, low millage, alloys, with extras, we accept H. purchase."
35,Toyota Hilux 2018 Red,"KSh 5,300,000",A very nice and clean fully loaded Toyota hilux double cabbin red colour with canopy.
36,Toyota Harrier 2016 Black,"KSh 3,000,000","Toyota Harrier 2016
Fully loaded 
Mileage 75km
Negotiable 
Direct owner
Not registered"
37,Toyota Mark X 2016 Pearl,"KSh 1,999,999",Very clean toyota mark x available !
38,Toyota Hilux 2007 Silver,"KSh 1,350,000","toyota hilux 4x4 optional 
 local year 2007. 2500cc 2kd diesel engine
 canvas seats covers dark..."
39,Toyota Hilux SR5 HI-Rider 2017 Black,"KSh 5,399,999",Auto diesel toyota double cab hillux 2800cc available !
40,Toyota Vellfire 2014 White,"KSh 1,950,000","Toyota Vellfire 
2014 model
2360cc
Automatic transmission 
Dark fabric interior 
7 seater (3rd row..."
41,Toyota Land Cruiser 4.6 V8 GX 2017 White,"KSh 10,700,000","Land cruiser
V8 petrol
4600cc
Monitors
Brown leathet
Foglights
Alloy wheels
2017 model
Cruise..."
42,Toyota Land Cruiser Prado 2.7 i 2011 White,"KSh 3,199,999","'Toyota Prado J150 
',2011 model
'Automatic transmission 
'Rating 2700cc 
'Petrol engine 
'7 seats ..."
43,Toyota Hilux SR 4x4 2014 White,"KSh 2,950,000","Toyota hilux 2011
Rating 3000cc
Manual Diesel
 4wd optional 
Trade in accepted"
44,Toyota Corolla Fielder 2016 Blue,"KSh 1,640,000","Super clean toyota corolla fielder
hybrid 
2016
blue
58k(km)
1490cc
grade 4.5
free service and..."
45,Toyota Aqua 2017 Silver,"KSh 1,330,000","TOYOTA AQUA
2017 Model || 1500cc || Electric CVT || Rear View Camera || Leather Seats || ECO & EV..."
46,Toyota Land Cruiser 4.6 V8 ZX 2017 White,"KSh 10,550,000","2017 Zx, Leather interior, Automatic transmission, height controls, Power seats, heated seats,..."
47,Toyota Sienta 2016 Blue,"KSh 1,200,000","Sienta hybrid 
1500cc
8 seats"
48,Toyota Probox 2017 Off white,"KSh 1,320,000","NSP160-0029067, Toyota Probox 2017 model, 1300cc"
49,Toyota Probox 2015 Purple,"KSh 1,050,000"," 
fully loaded 
rims 
low mileage
on credit balance 12 months
 call 
 free food and accommodation to..."
50,Toyota Hilux 2021 White,"KSh 6,399,999","2021 TOYOTA HILUX
Features;
-2400CC Turbo Diesel Engine
-Steering Control Buttons
-Keyless..."
51,Toyota Hilux SR5 BLACK 4x4 2014 Black,"KSh 2,380,000","Toyota Hilux 
Year 2014
Rating 3000 cc diesel 
Manual transmission 
Well kept, looking for a new..."
52,Toyota Corolla Fielder 1.5 Hybrid FWD 2018 White,"KSh 1,700,000","Toyota Fielder 2018 Model Hybrid 
Steering Options , Auto Beam, Lane detector, Traction Control "
53,Toyota Hilux 2017,"KSh 5,600,000","Hilux double cab
Model 2017

New arrival 
We offer:

💥Cash payment 
💥Bank finance 
💥Sacco..."
54,Toyota Land Cruiser Prado 2019 Black,"KSh 7,300,000","Its a toyota landcruiser prado,2800cc diesel,seven seater,leather seats, electric seats, with..."
55,Toyota Axio 2016 Pearl,"KSh 1,550,000","Toyota Axio 2016
Foreign used 
Unregistered 
Clean condition 
Beautiful interior 
1200cc
 Located at..."
56,Toyota Land Cruiser Prado 2.8 2018 White,"KSh 7,499,999","2800cc diesel,ex japn, not registered etc"
57,Toyota Probox 1.5 F 2WD 2017 White,"KSh 1,300,000",The Probox car has a fuel average of 9 - 12 KM/L with a fuel tank capacity of 50L. With the...
58,Toyota Land Cruiser 3.3 Diesel 4WD 2022,"KSh 23,000,000","LC300, 3300CC AUTO DIESEL
Air Conditioning
Power Steering
Power Windows
Power Mirrors
CD..."
59,Toyota Premio 1.5 FWD 2005 Blue,"KSh 750,000","Toyota Premio,, 2005 yom,, 1500cc,, 2WD,, new tyres,, first owner,, accident free... "
